molecule_chembl_id,canonical_smiles,bioactivity_class,MW,LogP,NumHDonors,NumHAcceptors,pIC50
CHEMBL3237245,COc1ccc(S(=O)(=O)N(CC(=O)O)c2ccc(N(CC(=O)O)S(=O)(=O)c3ccc(OC)cc3)c3ccccc23)cc1,active,614.6540000000002,3.416800000000001,2.0,8.0,7.5376020021010435
CHEMBL3422852,Cc1cccc2c1CCN(C(=O)[C@H]1CCCC[C@H]1C(=O)O)[C@@H]2CN1Cc2ccccc2C1=O,active,446.5470000000002,3.9678200000000032,1.0,3.0,6.1249387366083
CHEMBL3601205,Cc1ccc(S(=O)(=O)N(CC(=O)O)c2ccc(N(CC(=O)O)S(=O)(=O)c3ccc(C)cc3)cc2)cc1,active,532.5960000000002,2.863240000000001,2.0,6.0,6.015022873584506
CHEMBL3601207,COc1ccc(S(=O)(=O)N(CC(=O)O)c2cc(C)c(N(CC(=O)O)S(=O)(=O)c3ccc(OC)cc3)cc2C)cc1,inactive,592.6480000000003,2.880440000000001,2.0,8.0,4.992679047077256
CHEMBL3600394,COc1ccc(S(=O)(=O)N(CC(=O)O)c2ccc(N(CC(=O)O)S(=O)(=O)c3ccc(OC)cc3)c(OC)c2)cc1,active,594.6200000000002,2.2721999999999998,2.0,9.0,6.220403508742176
CHEMBL3601208,Cc1ccc(S(=O)(=O)N(CC(=O)O)c2ccc(N(CC(=O)O)S(=O)(=O)c3ccc(C)cc3)c3ccccc23)cc1,active,582.6560000000003,4.016440000000002,2.0,6.0,7.7423214251308154
CHEMBL3601209,O=C(O)CN(c1ccc(N(CC(=O)O)S(=O)(=O)c2ccc(F)cc2)c2ccccc12)S(=O)(=O)c1ccc(F)cc1,active,590.5820000000002,3.677800000000002,2.0,6.0,7.265200170411153
CHEMBL3601210,O=C(O)CN(c1ccc(N(CC(=O)O)S(=O)(=O)c2ccc(Cl)cc2)c2ccccc12)S(=O)(=O)c1ccc(Cl)cc1,active,623.4920000000001,4.706400000000003,2.0,6.0,7.373659632624958
CHEMBL3601211,O=C(O)CN(c1ccc(N(CC(=O)O)S(=O)(=O)c2ccc(Br)cc2)c2ccccc12)S(=O)(=O)c1ccc(Br)cc1,active,712.3940000000001,4.924600000000003,2.0,6.0,7.437707135543525
CHEMBL3601212,CC(=O)Nc1ccc(S(=O)(=O)N(CC(=O)O)c2ccc(N(CC(=O)O)S(=O)(=O)c3ccc(NC(C)=O)cc3)c3ccccc23)cc1,active,668.7060000000002,3.3164000000000016,4.0,8.0,7.841637507904751
CHEMBL3601213,CC(C)(C)c1ccc(S(=O)(=O)N(CC(=O)O)c2ccc(N(CC(=O)O)S(=O)(=O)c3ccc(C(C)(C)C)cc3)c3ccccc23)cc1,active,666.8180000000002,5.9946000000000055,2.0,6.0,7.29929628285498
CHEMBL3601214,Cc1cc(C)c(S(=O)(=O)N(CC(=O)O)c2ccc(N(CC(=O)O)S(=O)(=O)c3c(C)cc(C)cc3C)c3ccccc23)c(C)c1,active,638.7640000000002,5.250120000000004,2.0,6.0,6.009217308196862
CHEMBL3601215,O=C(O)CN(c1ccc(N(CC(=O)O)S(=O)(=O)c2ccccc2)c2ccccc12)S(=O)(=O)c1ccccc1,active,554.6020000000002,3.399600000000002,2.0,6.0,7.464705879957229
CHEMBL3601216,O=C(O)CN(c1ccc(N(CC(=O)O)S(=O)(=O)c2ccc(OC(F)(F)F)cc2)c2ccccc12)S(=O)(=O)c1ccc(OC(F)(F)F)cc1,active,722.5940000000003,5.196800000000003,2.0,8.0,6.747146969020107
CHEMBL3601217,O=C(O)CN(c1ccc(N(CC(=O)O)S(=O)(=O)c2cccc3ccccc23)c2ccccc12)S(=O)(=O)c1cccc2ccccc12,active,654.7220000000001,5.706000000000005,2.0,6.0,7.324221658325915
CHEMBL3601218,O=C(O)CN(c1ccc(N(CC(=O)O)S(=O)(=O)c2ccc(C(F)(F)F)cc2)c2ccccc12)S(=O)(=O)c1ccc(C(F)(F)F)cc1,active,690.5960000000002,5.437200000000004,2.0,6.0,6.913640169325252
CHEMBL3601219,COc1cccc(S(=O)(=O)N(CC(=O)O)c2ccc(N(CC(=O)O)S(=O)(=O)c3cccc(OC)c3)c3ccccc23)c1,active,614.6540000000002,3.416800000000002,2.0,8.0,7.179798540514359
CHEMBL3601220,N#Cc1ccc(S(=O)(=O)N(CC(=O)O)c2ccc(N(CC(=O)O)S(=O)(=O)c3ccc(C#N)cc3)c3ccccc23)cc1,active,604.6220000000002,3.1429600000000013,2.0,8.0,6.928117992693875
CHEMBL3601221,CCCCc1ccc(S(=O)(=O)N(CC(=O)O)c2ccc(N(CC(=O)O)S(=O)(=O)c3ccc(CCCC)cc3)c3ccccc23)cc1,active,666.8180000000002,6.084800000000006,2.0,6.0,7.374687549038326
CHEMBL2402207,COc1ccc(S(=O)(=O)Nc2ccc(NS(=O)(=O)c3ccc(OC)cc3)c3ccccc23)cc1,active,498.5820000000003,4.458600000000003,2.0,6.0,6.026872146400302
CHEMBL2133303,O=S(=O)(Nc1ccc(NS(=O)(=O)c2ccccc2)c2ccccc12)c1ccccc1,inactive,438.53000000000014,4.441400000000003,2.0,4.0,4.6020599913279625
CHEMBL3632699,COc1cccc(S(=O)(=O)Nc2ccc(NS(=O)(=O)c3cccc(OC)c3)c3ccccc23)c1,active,498.5820000000002,4.458600000000003,2.0,6.0,6.200659450546418
CHEMBL484276,O=S(=O)(Nc1ccc(NS(=O)(=O)c2ccc(Cl)cc2)c2ccccc12)c1ccc(Cl)cc1,inactive,507.4200000000002,5.748200000000003,2.0,4.0,4.6020599913279625
CHEMBL3632700,O=C(O)c1cccc(S(=O)(=O)Nc2ccc(NS(=O)(=O)c3cccc(C(=O)O)c3)c3ccccc23)c1,inactive,526.5480000000002,3.8378000000000023,4.0,6.0,4.6020599913279625
CHEMBL3632701,O=S(=O)(Nc1ccc(NS(=O)(=O)c2ccc(C(F)(F)F)cc2)c2ccccc12)c1ccc(C(F)(F)F)cc1,inactive,574.5240000000002,6.479000000000004,2.0,4.0,4.6020599913279625
CHEMBL3632702,O=S(=O)(Nc1ccc(NS(=O)(=O)c2cccc(C(F)(F)F)c2)c2ccccc12)c1cccc(C(F)(F)F)c1,inactive,574.5240000000003,6.479000000000004,2.0,4.0,4.6020599913279625
CHEMBL3632704,Cc1ccc(S(=O)(=O)Nc2ccc(NS(=O)(=O)c3ccc(C)cc3)c3ccccc23)cc1,active,466.58400000000023,5.058240000000004,2.0,4.0,6.050609993355087
CHEMBL3632705,CN(C)c1ccc(S(=O)(=O)Nc2ccc(NS(=O)(=O)c3ccc(N(C)C)cc3)c3ccccc23)cc1,active,524.6680000000002,4.573400000000004,2.0,6.0,6.721246399047171
CHEMBL3632706,O=S(=O)(Nc1ccc(NS(=O)(=O)c2ccc(F)cc2)c2ccccc12)c1ccc(F)cc1,active,474.51000000000016,4.719600000000003,2.0,4.0,6.180456064458132
CHEMBL3632707,CCOC(=O)CN(c1ccc(N(CC(=O)OCC)S(=O)(=O)c2ccc(OC)cc2)c2ccccc12)S(=O)(=O)c1ccc(OC)cc1,inactive,670.7620000000002,4.373800000000004,0.0,10.0,4.6020599913279625
CHEMBL3632708,C=CCN(c1ccc(N(CC=C)S(=O)(=O)c2ccc(OC)cc2)c2ccccc12)S(=O)(=O)c1ccc(OC)cc1,inactive,578.7120000000002,5.6196000000000055,0.0,6.0,4.6020599913279625
CHEMBL3632709,COc1ccc(S(=O)(=O)N(C)c2ccc(N(C)S(=O)(=O)c3ccc(OC)cc3)c3ccccc23)cc1,inactive,526.6360000000003,4.5072000000000045,0.0,6.0,4.6020599913279625
CHEMBL3632710,CCN(c1ccc(N(CC)S(=O)(=O)c2ccc(OC)cc2)c2ccccc12)S(=O)(=O)c1ccc(OC)cc1,inactive,554.6900000000002,5.287400000000005,0.0,6.0,4.6020599913279625
CHEMBL3632711,COc1ccc(S(=O)(=O)N(CC(N)=O)c2ccc(N(CC(N)=O)S(=O)(=O)c3ccc(OC)cc3)c3ccccc23)cc1,active,612.6860000000003,2.2182000000000004,2.0,8.0,7.200659450546418
CHEMBL3632712,C#CCN(c1ccc(N(CC#C)S(=O)(=O)c2ccc(OC)cc2)c2ccccc12)S(=O)(=O)c1ccc(OC)cc1,inactive,574.6800000000002,4.514000000000005,0.0,6.0,4.6020599913279625
CHEMBL3632713,COc1ccc(S(=O)(=O)Nc2ccc(NS(=O)(=O)c3ccccc3)c3ccccc23)cc1,inactive,468.5560000000002,4.450000000000003,2.0,5.0,4.6020599913279625
CHEMBL3632714,COc1ccc(S(=O)(=O)Nc2ccc(NS(=O)(=O)c3ccc(C(F)(F)F)cc3)c3ccccc23)cc1,inactive,536.5530000000002,5.468800000000003,2.0,5.0,4.6020599913279625
CHEMBL3632880,O=S(=O)(Nc1ccc(NS(=O)(=O)c2ccc(C(F)(F)F)cc2)c2ccccc12)c1ccccc1,inactive,506.52700000000016,5.460200000000003,2.0,4.0,4.6020599913279625
CHEMBL3632881,COc1ccc(S(=O)(=O)Nc2ccc(NS(=O)(=O)c3cccc(OC)c3)c3ccccc23)cc1,active,498.5820000000003,4.458600000000003,2.0,6.0,6.3872161432802645
CHEMBL3632882,CCOC(=O)CN(c1ccc(NS(=O)(=O)c2ccc(OC)cc2)c2ccccc12)S(=O)(=O)c1ccc(OC)cc1,active,584.6720000000003,4.416200000000004,1.0,8.0,7.070581074285707
CHEMBL3617852,COc1ccc(S(=O)(=O)Nc2ccc(N(CC(=O)O)S(=O)(=O)c3ccc(OC)cc3)c3ccccc23)cc1,active,556.6180000000003,3.937700000000002,2.0,7.0,7.214670164989233
CHEMBL3392606,COc1ccc(S(=O)(=O)Nc2cccc3ccccc23)cc1,inactive,313.37800000000004,3.649200000000002,1.0,3.0,4.6020599913279625
CHEMBL3632883,COc1ccc(S(=O)(=O)N(CC(=O)O)c2cccc3ccccc23)cc1,inactive,371.41400000000004,3.128300000000001,1.0,4.0,4.6020599913279625
CHEMBL3632884,COc1ccc(S(=O)(=O)Nc2cc(NS(=O)(=O)c3ccc(OC)cc3)c3ccccc3c2)cc1,inactive,498.5820000000003,4.458600000000003,2.0,6.0,4.6020599913279625
CHEMBL3632885,COc1ccc(S(=O)(=O)Nc2cc3ccccc3cc2NS(=O)(=O)c2ccc(OC)cc2)cc1,inactive,498.5820000000002,4.458600000000002,2.0,6.0,4.6020599913279625
CHEMBL3632886,COc1ccc(S(=O)(=O)N(CC(N)=O)c2cc(N(CC(N)=O)S(=O)(=O)c3ccc(OC)cc3)c3ccccc3c2)cc1,inactive,612.6860000000003,2.2182000000000004,2.0,8.0,4.6020599913279625
CHEMBL3632888,COc1ccc(S(=O)(=O)Nc2cc3ccccc3cc2N(CC(N)=O)S(=O)(=O)c2ccc(OC)cc2)cc1,inactive,555.6340000000004,3.338400000000002,2.0,7.0,4.6020599913279625
CHEMBL3632889,COc1ccc(C(=O)Nc2ccc(NC(=O)c3ccc(OC)cc3)c3ccccc23)cc1,inactive,426.47200000000015,5.361600000000004,2.0,4.0,4.6020599913279625
CHEMBL3632890,COc1ccc(S(=O)(=O)Nc2ccc(NS(=O)(=O)c3ccc(OC)cc3)cc2)cc1,inactive,448.5220000000002,3.3054000000000014,2.0,6.0,4.6020599913279625
CHEMBL3946369,CCCCCCCCCCCCCCCCCC(=O)N[C@@H](CC(=O)O)C(=O)N1CCC[C@H]1C(=O)N[C@@H](CCC(=O)O)C(=O)N[C@H](C(=O)NCC(=O)N[C@@H](CCC(=O)O)C(=O)N[C@@H](CC(C)C)C(=O)O)[C@@H](C)O,active,1026.2359999999999,2.494900000000008,11.0,12.0,7.657577319177793
CHEMBL3919787,CC(=O)N[C@@H](CC(N)=O)C(=O)N1CCC[C@H]1C(=O)N[C@@H](CCC(=O)O)C(=O)N[C@H](C(=O)NCC(=O)N[C@@H](CCC(=O)O)C(=O)N[C@@H](CC(C)C)C(=O)O)[C@@H](C)O,active,800.8200000000002,-4.346000000000005,11.0,12.0,6.057991946977687
CHEMBL3965182,CC(=O)N[C@@H](CC(=O)O)C(=O)N1CCC[C@H]1C(=O)N[C@@H](CCC(=O)O)C(=O)N[C@H](C(=O)NCC(=O)N[C@@H](CCC(=O)O)C(=O)N[C@@H](CC(C)C)C(N)=O)[C@@H](C)O,active,800.8199999999999,-4.346000000000006,11.0,12.0,6.1979107421182675
CHEMBL3906697,CCOc1ccc(S(=O)(=O)Nc2cc(CC(=O)O)c(NS(=O)(=O)c3ccc(OCC)cc3)c3ccccc23)cc1,active,584.6720000000003,4.8659000000000034,3.0,7.0,6.494850021680094
CHEMBL3928944,CCOc1ccc(S(=O)(=O)Nc2cc(CCC(=O)O)c(NS(=O)(=O)c3ccc(OCC)cc3)c3ccccc23)cc1,active,598.6990000000003,5.256000000000004,3.0,7.0,6.638272163982407
CHEMBL3962296,CCOc1ccc(S(=O)(=O)Nc2cc(CCCC(=O)O)c(NS(=O)(=O)c3ccc(OCC)cc3)c3ccccc23)cc1,active,612.7260000000002,5.646100000000005,3.0,7.0,6.823908740944319
CHEMBL3953535,CCOc1ccc(S(=O)(=O)Nc2cc(SCC(=O)OC)c(NS(=O)(=O)c3ccc(OCC)cc3)c3ccccc23)cc1,active,630.7660000000003,5.503900000000005,2.0,9.0,6.142667503568731
CHEMBL3925906,CCOc1ccc(S(=O)(=O)Nc2cc(SCC(=O)O)c(NS(=O)(=O)c3ccc(OCC)cc3)c3ccccc23)cc1,active,616.7390000000003,5.415500000000004,3.0,8.0,6.698970004336019
CHEMBL4175603,CCCC[C@@H]1CCCN1C(=O)c1cccc(-c2cccc(-n3ncc(C(=O)O)c3C3CC3)c2)c1,active,457.57400000000024,5.909700000000005,1.0,4.0,8.0
CHEMBL4160447,C[C@H](Oc1cccc(-c2cccc(-n3ncc(C(=O)O)c3[C@@H]3C[C@H]3c3cn(C)nn3)c2)c1)C1CCCCC1,active,511.6260000000004,5.984700000000005,1.0,7.0,8.0
CHEMBL4176009,O=C(O)[C@H]1CCCC[C@H]1C(=O)N1CCc2ccccc2[C@H]1Cc1ccccc1,inactive,377.4840000000001,4.246100000000004,1.0,2.0,4.0
CHEMBL4165400,O=C(O)[C@H]1NCCC[C@H]1C(=O)N1CCc2ccccc2[C@H]1CN1C(=O)c2ccccc2C1=O,inactive,447.4910000000002,1.8614,2.0,5.0,4.15676722190199
CHEMBL3186228,O=C1c2ccccc2C(=O)N1C[C@@H]1c2ccccc2CCN1C(=O)C1CCCCC1,inactive,402.4940000000003,3.9889000000000037,0.0,3.0,4.0
CHEMBL3890847,Cc1cccc2c1CCN(C(=O)[C@@H]1CCCC[C@@H]1C(=O)O)[C@@H]2CN1Cc2ccccc2C1=O,active,446.5470000000002,3.9678200000000032,1.0,3.0,6.1249387366083
CHEMBL4171299,COc1ccc(S(=O)(=O)N(CC(=O)O)Cc2cc(-c3ccccc3)cc(N(CC(=O)O)S(=O)(=O)c3ccc(OC)cc3)c2)cc1,inactive,654.7190000000002,3.9262000000000024,2.0,8.0,4.6020599913279625
CHEMBL4160703,COc1ccc(S(=O)(=O)N(CC=CCN(CC(=O)O)S(=O)(=O)c2ccc(OC)cc2)CC(=O)O)cc1,inactive,542.5880000000003,1.110800000000001,2.0,8.0,4.6020599913279625
CHEMBL4176664,COc1ccc(S(=O)(=O)N(CC(=O)O)C(=O)c2ccccc2C(=O)N(CC(=O)O)S(=O)(=O)c2ccc(OC)cc2)cc1,inactive,620.6140000000003,1.5351999999999997,2.0,10.0,4.6020599913279625
CHEMBL4166048,COc1ccc(S(=O)(=O)N(CC(=O)O)Cc2ccccc2CN(CC(=O)O)S(=O)(=O)c2ccc(OC)cc2)cc1,inactive,592.6480000000003,2.2548000000000004,2.0,8.0,4.6020599913279625
CHEMBL4162602,COc1ccc(S(=O)(=O)Nc2nnc(NS(=O)(=O)c3ccc(OC)cc3)c3ccccc23)cc1,inactive,500.5580000000003,3.2486000000000015,2.0,8.0,4.6020599913279625
CHEMBL4159226,COc1ccc(S(=O)(=O)Nc2ccc(NS(=O)(=O)c3ccc(OC)cc3)c3[nH]ccc23)cc1,inactive,487.55900000000025,3.7867000000000015,3.0,6.0,4.6020599913279625
CHEMBL4166445,COc1ccc(S(=O)(=O)N(CC(=O)O)c2ccc(N(CC(=O)O)S(=O)(=O)c3ccc(OC)cc3)c3ncccc23)cc1,active,615.6420000000002,2.8118,2.0,9.0,6.995678626217358
CHEMBL4174360,COc1ccc(S(=O)(=O)Nc2ccc(NS(=O)(=O)c3ccc(OC)cc3)c3ncccc23)cc1,inactive,499.5700000000003,3.853600000000002,2.0,7.0,4.6020599913279625
CHEMBL4174651,COc1ccc(S(=O)(=O)N(CC(=O)O)c2cnc(N(CC(=O)O)S(=O)(=O)c3ccc(OC)cc3)c3ccccc23)cc1,active,615.6420000000003,2.8118000000000007,2.0,9.0,7.221848749616356
CHEMBL4176126,COc1ccc(S(=O)(=O)N(CC(=O)O)c2ccc(N(CC(=O)O)S(=O)(=O)c3ccc(OC)cc3)nc2)cc1,inactive,565.5820000000002,1.6585999999999992,2.0,9.0,4.6020599913279625
CHEMBL48802,C[S+]([O-])CCCCN=C=S,inactive,177.294,1.2479,0.0,3.0,4.0
CHEMBL4462256,O=C(NCCCCN=C=S)Nc1ccc2nccnc2c1,inactive,301.37500000000006,2.6343000000000005,2.0,5.0,4.800000052738446
CHEMBL4540401,CN1CCC(SC(=S)NCCCCNC(=O)Nc2ccc3nccnc3c2)CC1,inactive,432.61900000000014,3.2334000000000014,3.0,6.0,5.0
CHEMBL4474353,CN(C)c1c(N(C)CCCN=C=S)c(=O)c1=O,inactive,253.32699999999997,0.27769999999999984,0.0,6.0,4.0
CHEMBL4067519,C[S+]([O-])CCCN=C=S,inactive,163.26700000000002,0.8578,0.0,3.0,4.0
CHEMBL4520951,C[S+]([O-])CCCCCN=C=S,inactive,191.32100000000003,1.6380000000000001,0.0,3.0,4.0
CHEMBL573428,C[S+]([O-])CCCCCCN=C=S,inactive,205.348,2.0281000000000002,0.0,3.0,4.0
CHEMBL4593698,CN1CCC(SC(=S)NCCCC[S+](C)[O-])CC1,inactive,308.53800000000007,1.847,1.0,4.0,4.0
CHEMBL49121,CC(=O)CCCCN=C=S,inactive,157.238,1.8485,0.0,3.0,4.0
CHEMBL4475734,CNC(=O)CCCCN=C=S,inactive,172.25300000000001,1.0055,1.0,3.0,4.0
CHEMBL4535901,O=C(CCCCN=C=S)NCc1ccccc1,inactive,248.35100000000003,2.5759000000000007,1.0,3.0,4.70000006855703
CHEMBL4573284,C[S+]([O-])CCCCNC(=S)SC[C@H](NC(=O)CC[C@H](N)C(=O)O)C(=O)NCC(=O)O,inactive,484.62200000000036,-1.3694999999999955,6.0,8.0,4.0
CHEMBL4245297,CC(=O)N[C@@H](CSC(=S)NCCCC[S+](C)[O-])C(=O)O,inactive,340.4920000000001,0.3420999999999998,3.0,5.0,4.0
CHEMBL4454525,C[S+]([O-])CCCCNC(=S)SCCNC(=O)OC(C)(C)C,inactive,354.56300000000016,2.2775,2.0,5.0,4.0
CHEMBL4542698,COC(=O)[C@H](CSC(=S)NCCCC[S+](C)[O-])NC(C)=O,inactive,354.51900000000006,0.43050000000000016,2.0,6.0,4.0
CHEMBL4282333,CC(=O)NCCSC(=S)NCCCC[S+](C)[O-],inactive,296.483,0.8888999999999996,2.0,4.0,4.0
CHEMBL4435486,C[S+]([O-])CCCCNC(=S)SC1CCN(C(=O)OC(C)(C)C)CC1,inactive,394.62800000000027,3.152300000000002,1.0,5.0,4.0
CHEMBL4440014,C[S+]([O-])CCCCNC(=S)SC1CCNCC1.O=C(O)C(F)(F)F,inactive,408.53300000000013,2.1380999999999997,3.0,5.0,4.0
CHEMBL4435708,CCCCNCCSC(=S)NCCCC[S+](C)[O-],inactive,310.554,2.1425,2.0,4.0,4.0
CHEMBL4581104,C[S+]([O-])CCCCNC(=S)SCc1cccc([N+](=O)[O-])c1,inactive,346.4990000000001,2.861200000000001,1.0,5.0,4.0
CHEMBL4466014,CN1CCC(SC(=S)NCC2CCS(=O)(=O)C2)CC1,inactive,322.52100000000013,1.123,1.0,5.0,4.0
CHEMBL4559787,C[S+]([O-])CCCCNC(=S)SCCCO,inactive,269.457,1.1352,2.0,4.0,4.600000074606178
CHEMBL4458900,C[S+]([O-])CCCCNC(=S)SCCSC(=S)NCCCC[S+](C)[O-],inactive,448.79200000000026,2.5192000000000005,2.0,6.0,4.0
CHEMBL4451846,CN1CCC(SC(=S)NCCCCNC(=O)NCc2ccccc2)CC1,inactive,394.6100000000001,2.967900000000001,3.0,4.0,4.70000006855703
CHEMBL4438829,CN1CCC(SC(=S)NCCCCNC(=O)Nc2ccc3c(c2)OCO3)CC1,inactive,424.5920000000002,3.0189000000000012,3.0,6.0,4.70000006855703
CHEMBL4457869,CN1CCC(SC(=S)NCCCCNC(=O)NC2CCCC2)CC1,inactive,372.6040000000002,2.7103,3.0,4.0,4.399999967876858
CHEMBL4458395,CNC(=O)NCCCCNC(=S)SC1CCN(C(=O)OC(C)(C)C)CC1,inactive,404.6020000000003,2.7028000000000008,3.0,5.0,4.0
CHEMBL4442054,CC(C)(C)OC(=O)N1CCC(SC(=S)NCCCCNC(=O)Nc2cccnc2)CC1,inactive,467.66100000000034,3.9905000000000026,3.0,6.0,4.300000029139088
CHEMBL4461249,CC(C)(C)OC(=O)N1CCC(SC(=S)NCCCCNC(=O)Nc2ccc3c(c2)OCO3)CC1,inactive,510.68200000000047,4.324200000000003,3.0,7.0,4.300000029139088
CHEMBL4517611,CN1CCC(SC(=S)NCCCCNC(=O)CC2CCCC2)CC1,inactive,371.61600000000027,3.165000000000002,2.0,4.0,4.300000029139088
CHEMBL4549580,CC(C)(C)OC(=O)N1CCC(SC(=S)NCCCCNC(=O)NC2CCCC2)CC1,inactive,458.69400000000047,4.015600000000003,3.0,5.0,4.0
CHEMBL4438676,Cl.O=C(NCCCCNC(=S)SC1CCNCC1)NC1CCCC1,inactive,395.0380000000003,2.789900000000001,4.0,4.0,4.300000029139088
CHEMBL4476374,CC(C)(C)OC(=O)N1CCC(SC(=S)NCCCCNC(=O)Nc2ccncc2)CC1,inactive,467.66100000000034,3.9905000000000026,3.0,6.0,4.499999953328896
CHEMBL4444488,CN1CCC(SC(=S)NCCCCNC(=O)Nc2cccnc2)CC1,inactive,381.5710000000001,2.685200000000001,3.0,5.0,4.399999967876858
CHEMBL4516024,CN1CCC(SC(=S)NCCCCNC(=O)Nc2ccncc2)CC1,inactive,381.5710000000001,2.685200000000001,3.0,5.0,4.70000006855703
CHEMBL4474042,Cl.O=C(NCCCCNC(=S)SC1CCNCC1)Nc1ccncc1,inactive,404.00500000000017,2.7648,4.0,5.0,4.300000029139088
CHEMBL4526962,CN1CCC(SC(=S)NCCCCNC(=O)Oc2ccccc2)CC1,inactive,381.5670000000001,3.257100000000002,2.0,5.0,4.600000074606178
CHEMBL4548701,CN1CCC(SC(=S)NCCCCS(=O)(=O)c2ccncc2)CC1,inactive,387.5960000000001,2.3374000000000006,1.0,6.0,4.0
CHEMBL4516926,CN1CCC(SC(=S)NCCCCNC(=O)OCc2ccccc2)CC1,inactive,395.59400000000016,3.3949000000000025,2.0,5.0,5.0
CHEMBL4472577,CN1CCC(SC(=S)NCCCCNC(=O)OCc2ccccn2)CC1,inactive,396.58200000000016,2.789900000000001,2.0,6.0,4.399999967876858
CHEMBL4566281,CC(C)(C)OC(=O)N1CCC(SC(=O)NCCCCNC(=S)SC2CCN(C(=O)OC(C)(C)C)CC2)CC1,inactive,590.878,5.616100000000006,2.0,8.0,4.0
CHEMBL4460991,CC(C)(C)OC(=O)N1CCC(SC(=S)NCCCCNC(=O)OCc2ccccn2)CC1,inactive,482.6720000000004,4.095200000000003,2.0,7.0,4.0
CHEMBL4559284,CN1CCC(SC(=S)NCCCCNC(=O)Nc2ccc3c(c2)OCCO3)CC1,inactive,438.61900000000026,3.0614000000000017,3.0,6.0,4.900000142057633
CHEMBL4570062,CC(C)(C)OC(=O)N1CCC(SC(=S)NCCCCNC(=O)Nc2ccc3c(c2)OCCO3)CC1,inactive,524.7090000000004,4.366700000000003,3.0,7.0,4.499999953328896
CHEMBL4554978,CN1CCC(SC(=S)NCCCCNC(=O)CC2CCCCC2)CC1,inactive,385.6430000000003,3.555100000000002,2.0,4.0,4.800000052738446
CHEMBL4473247,CC(C)(C)OC(=O)N1CCC(SC(=S)NCCCCNC(=O)Nc2ccc3ncsc3c2)CC1,inactive,523.7500000000003,5.205200000000004,3.0,7.0,4.499999953328896
CHEMBL4516787,CCNC(=O)N1CCC(SC(=S)NCCCCNC(=O)NCc2ccccc2)CC1,inactive,451.66200000000026,3.0676000000000014,4.0,4.0,4.200000030616179
CHEMBL4475357,CC(C)(C)OC(=O)N1CCC(SC(=S)NCCCCNC(=O)Nc2ccc3nccnc3c2)CC1,inactive,518.7090000000003,4.538700000000004,3.0,7.0,4.800000052738446
CHEMBL4466559,O=S1(=O)CCC(CN=C=S)C1,inactive,191.277,0.5238999999999999,0.0,4.0,4.0
CHEMBL4570631,CN(C)C(=O)CCCCN=C=S,inactive,186.28,1.3476999999999997,0.0,3.0,4.0
CHEMBL4462411,O=C(NCCCCN=C=S)OCc1ccccc1,inactive,264.35,2.7958000000000016,1.0,4.0,4.900000142057633
CHEMBL4467911,CC(=O)NCCCCN=C=S,inactive,172.25300000000001,1.0055,1.0,3.0,4.0
CHEMBL4519919,Cn1cc(CCN=C=S)c2ccccc21,inactive,216.30900000000003,2.8236000000000008,0.0,3.0,5.0
CHEMBL4552993,O=S(=O)(CCCCN=C=S)c1ccccn1,inactive,256.35200000000003,1.7383,0.0,5.0,4.499999953328896
CHEMBL4575527,Cc1ccccc1S(=O)(=O)CCCCN=C=S,inactive,269.3909999999999,2.651720000000001,0.0,4.0,4.499999953328896
CHEMBL4524323,O=S(=O)(CCCCN=C=S)c1ccccc1,inactive,255.36400000000003,2.3433,0.0,4.0,4.300000029139088
CHEMBL4578635,CC(=O)NCCS(=O)(=O)CCCCN=C=S,inactive,264.37199999999996,0.42030000000000034,1.0,5.0,4.0
CHEMBL4582012,[O-][S+](CCCCN=C=S)c1ccncc1,inactive,240.35300000000004,2.0722,0.0,4.0,4.600000074606178
CHEMBL4521085,CC(=O)NCC[S+]([O-])CCCCN=C=S,inactive,248.37299999999996,0.7541999999999998,1.0,4.0,4.0
CHEMBL4561862,[O-][S+](CCCCN=C=S)c1ccccn1,inactive,240.35300000000004,2.0722,0.0,4.0,4.499999953328896
CHEMBL2391460,[O-][S+](CCCCN=C=S)c1ccccc1,inactive,239.36500000000004,2.677200000000001,0.0,3.0,4.300000029139088
CHEMBL4455174,S=C=NCCN1CCSCC1,inactive,188.321,1.1380000000000001,0.0,4.0,4.0
CHEMBL4521817,COC(=O)C(C[S+]([O-])CCCCN=C=S)NC(C)=O,inactive,306.409,0.29579999999999923,1.0,6.0,4.0
CHEMBL4534378,O=S(=O)(CC1(N2CCC(CN=C=S)C2)COC1)c1ccccc1,inactive,352.48100000000005,1.6539999999999997,0.0,6.0,4.300000029139088
CHEMBL4434840,Cc1ccccc1[S+]([O-])CCCCN=C=S,inactive,253.39199999999994,2.9856200000000017,0.0,3.0,4.200000030616179
CHEMBL4537143,COC(=O)C(CS(=O)(=O)CCCCN=C=S)NC(C)=O,inactive,322.408,-0.03810000000000063,1.0,7.0,4.0
CHEMBL4536548,CN(C)CCCS(=O)(=O)CCCCN=C=S,inactive,264.41599999999994,1.2359,0.0,5.0,4.0
CHEMBL4483529,O=S(=O)(CCCCN=C=S)CCN1CCOCC1,inactive,292.42600000000004,0.6164000000000001,0.0,6.0,4.0
CHEMBL4463880,CN(C)CCC[S+]([O-])CCCCN=C=S,inactive,248.41699999999994,1.5697999999999999,0.0,4.0,4.0
CHEMBL4548079,CC(=O)N(C)CC[S+]([O-])CCCCN=C=S,inactive,262.3999999999999,1.0964,0.0,4.0,4.0
CHEMBL4457700,O=C(O)C(F)(F)F.[O-][S+](CCCCN=C=S)CCN1CCOCC1,inactive,390.44900000000024,1.5836000000000001,1.0,6.0,4.0
CHEMBL4457038,CC(=O)N(C)CCS(=O)(=O)CCCCN=C=S,inactive,278.39899999999994,0.7625000000000002,0.0,5.0,4.0
CHEMBL4533729,CN(C)CC[S+]([O-])CCCCN=C=S,inactive,234.38999999999996,1.1797,0.0,4.0,4.0
CHEMBL4443689,CN(C)CCS(=O)(=O)CCCCN=C=S,inactive,250.38899999999995,0.8458000000000001,0.0,5.0,4.0
CHEMBL4587608,CS(=O)(=O)N1CCC(CN=C=S)C1,inactive,220.31900000000002,0.37070000000000025,0.0,4.0,4.0
CHEMBL4444437,O=S(=O)(CC1(c2ccc(N=C=S)cc2)COC1)c1ccccc1,inactive,345.44500000000005,3.1628000000000016,0.0,5.0,4.399999967876858
CHEMBL4467145,O=S1(=O)CCN(CCN=C=S)CC1,inactive,220.319,-0.18040000000000012,0.0,5.0,4.0
CHEMBL4457699,CS(=O)(=O)N1CCC(CCN=C=S)C1,inactive,234.346,0.7608,0.0,4.0,4.0
CHEMBL4444262,O=C(NCCCCN=C=S)c1cccnc1,inactive,235.31200000000004,1.6944,1.0,4.0,4.300000029139088
CHEMBL4587100,O=C(CCc1ccccc1)NCCCCN=C=S,inactive,262.37799999999993,2.618400000000001,1.0,3.0,4.600000074606178
CHEMBL4464054,O=C(NCCCCN=C=S)c1ccno1,inactive,225.27300000000002,1.2873999999999999,1.0,5.0,4.200000030616179
CHEMBL4553480,O=C(NCCCCN=C=S)Nc1cccnc1,inactive,250.32700000000006,2.0861,2.0,4.0,4.399999967876858
CHEMBL4553998,CNC(=O)NCCCCN=C=S,inactive,187.268,0.7983999999999998,2.0,3.0,4.300000029139088
CHEMBL4448059,O=C(NCCCCN=C=S)NCc1ccccc1,inactive,263.36600000000004,2.3688000000000002,2.0,3.0,4.800000052738446
CHEMBL4467167,O=C(NCCCCN=C=S)NC1CCCC1,inactive,241.35999999999999,2.1112,2.0,3.0,4.300000029139088
CHEMBL4555576,O=S(=O)(CC1(N2CCC(CN=C=S)CC2)COC1)c1ccccc1,inactive,366.5080000000001,2.0441,0.0,6.0,4.399999967876858
CHEMBL4474497,O=S(=O)(/C=C(\CO)CN1CCC(CN=C=S)CC1)c1ccccc1,inactive,366.5080000000001,2.151300000000001,1.0,6.0,4.600000074606178
CHEMBL4519435,O=C(NCCCCN=C=S)c1ccncc1,inactive,235.31200000000004,1.6944,1.0,4.0,4.0
CHEMBL4573383,O=C(NCCCCN=C=S)Nc1ccncc1,inactive,250.32700000000006,2.0861,2.0,4.0,4.499999953328896
CHEMBL4560441,O=C(NCCCCN=C=S)OCc1ccncc1,inactive,265.338,2.1908000000000003,1.0,5.0,4.399999967876858
CHEMBL4463144,CC(C)(C)OC(=O)N1CCC(SC(=O)NCCCCN=C=S)CC1,inactive,373.5440000000002,3.711700000000002,1.0,6.0,4.900000142057633
CHEMBL4569352,COCCOC(=O)NCCCCN=C=S,inactive,232.30499999999995,1.2420000000000002,1.0,5.0,4.0
CHEMBL4444684,O=C(NCCCCN=C=S)C1CCCCC1,inactive,240.37199999999996,2.565900000000001,1.0,3.0,4.300000029139088
CHEMBL4578004,O=C(CC1CCCCC1)NCCCCN=C=S,inactive,254.39899999999997,2.9560000000000013,1.0,3.0,4.600000074606178
CHEMBL4473289,O=C(NCCCCN=C=S)Nc1ccc2c(c1)OCCO2,inactive,307.37500000000017,2.4623,2.0,5.0,4.800000052738446
CHEMBL4592064,CC(=O)Nc1ccc(S(=O)(=O)N(CC(N)=O)c2ccc(N(CC(N)=O)S(=O)(=O)c3ccc(NC(C)=O)cc3)c3ccccc23)cc1,inactive,666.7380000000003,2.117800000000001,4.0,8.0,4.301029995663981
CHEMBL4540101,CC(=O)Nc1ccc(S(=O)(=O)N(CCO)c2ccc(N(CCO)S(=O)(=O)c3ccc(NC(C)=O)cc3)c3ccccc23)cc1,inactive,640.7400000000002,3.131800000000001,4.0,8.0,4.301029995663981
CHEMBL4515723,CC(=O)Nc1ccc(S(=O)(=O)N(Cc2c[nH]nn2)c2ccc(N(Cc3c[nH]nn3)S(=O)(=O)c3ccc(NC(C)=O)cc3)c3ccccc23)cc1,active,714.7900000000001,3.783800000000001,4.0,10.0,6.215382707367125
CHEMBL4544116,CC(=O)Nc1ccc(S(=O)(=O)N(Cc2nn[nH]n2)c2ccc(N(Cc3nn[nH]n3)S(=O)(=O)c3ccc(NC(C)=O)cc3)c3ccccc23)cc1,active,716.7660000000001,2.5737999999999994,4.0,12.0,7.801342913045577
CHEMBL4546347,COC(=O)CN(c1ccc(N(CC(=O)OC)S(=O)(=O)c2ccc(NC(C)=O)cc2)c2ccccc12)S(=O)(=O)c1ccc(NC(C)=O)cc1,inactive,696.7600000000001,3.4932000000000016,2.0,10.0,4.301029995663981
CHEMBL4587926,C#CCN(c1ccc(N(CC#C)S(=O)(=O)c2ccc(NC(C)=O)cc2)c2ccccc12)S(=O)(=O)c1ccc(NC(C)=O)cc1,inactive,628.7320000000002,4.413600000000003,2.0,6.0,4.301029995663981
CHEMBL4469585,CC(=O)Nc1ccc(S(=O)(=O)N(CC#N)c2ccc(N(CC#N)S(=O)(=O)c3ccc(NC(C)=O)cc3)c3ccccc23)cc1,inactive,630.7080000000002,4.194360000000003,2.0,8.0,4.301029995663981
CHEMBL4648175,O=C(O)CN(c1cnc(N(CC(=O)O)S(=O)(=O)c2ccc(F)cc2)c2ccccc12)S(=O)(=O)c1ccc(F)cc1,active,591.5700000000003,3.0728000000000018,2.0,7.0,6.366531544420414
CHEMBL4641622,O=C(O)CN(c1cnc(N(CC(=O)O)S(=O)(=O)c2ccc(O)cc2)c2ccccc12)S(=O)(=O)c1ccc(O)cc1,active,587.5880000000003,2.2058,4.0,9.0,6.455931955649724
CHEMBL4640093,COc1ccc(S(=O)(=O)N(CC(=O)O)c2cnc(N(CC(=O)O)S(=O)(=O)c3ccc(F)cc3)c3ccccc23)cc1,active,603.6060000000002,2.9423000000000012,2.0,8.0,6.552841968657781
CHEMBL4637137,COc1ccc(S(=O)(=O)N(CC(=O)O)c2ncc(N(CC(=O)O)S(=O)(=O)c3ccc(F)cc3)c3ccccc23)cc1,active,603.6060000000002,2.9423000000000004,2.0,8.0,6.619788758288394
CHEMBL4649822,COc1ccc(S(=O)(=O)Nc2cnc(N(CC(=O)O)S(=O)(=O)c3ccc(OC)cc3)c3ccccc23)cc1,active,557.6060000000002,3.3327000000000018,2.0,8.0,6.638272163982407
CHEMBL4635609,COc1ccc(S(=O)(=O)N(C)c2cnc(N(CC(=O)O)S(=O)(=O)c3ccc(OC)cc3)c3ccccc23)cc1,active,571.6330000000003,3.357000000000002,1.0,8.0,6.0
CHEMBL4646536,COc1ccc(S(=O)(=O)N(CC(F)(F)F)c2cnc(N(CC(=O)O)S(=O)(=O)c3ccc(OC)cc3)c3ccccc23)cc1,active,639.6300000000002,4.289500000000003,1.0,8.0,7.136677139879544
CHEMBL4648321,COc1ccc(S(=O)(=O)N(CC(F)(F)F)c2cnc(N(CC(=O)O)S(=O)(=O)c3ccc(F)cc3)c3ccccc23)cc1,active,627.5940000000002,4.4200000000000035,1.0,7.0,6.886056647693163
CHEMBL4641049,COc1ccc(S(=O)(=O)N(CC(=O)O)c2ncc(N(CC(F)(F)F)S(=O)(=O)c3ccc(F)cc3)c3ccccc23)cc1,active,627.5940000000002,4.4200000000000035,1.0,7.0,6.920818753952375
CHEMBL4645359,O=C(O)CN(c1ncc(N(CC(F)(F)F)S(=O)(=O)c2ccc(F)cc2)c2ccccc12)S(=O)(=O)c1ccc(F)cc1,active,615.5580000000001,4.550500000000003,1.0,6.0,6.376750709602099
CHEMBL4634168,COc1ccc(S(=O)(=O)N(CC(F)F)c2cnc(N(CC(=O)O)S(=O)(=O)c3ccc(OC)cc3)c3ccccc23)cc1,active,621.6400000000002,3.992300000000003,1.0,8.0,7.259637310505756
CHEMBL4640762,COc1ccc(S(=O)(=O)N(CCF)c2cnc(N(CC(=O)O)S(=O)(=O)c3ccc(OC)cc3)c3ccccc23)cc1,active,603.6500000000002,3.6967000000000025,1.0,8.0,6.6777807052660805
CHEMBL4755018,O=C(O)CN(c1ccc(OC(C(=O)O)c2ccccc2)c2ccccc12)S(=O)(=O)c1ccccc1,inactive,491.5210000000002,4.324400000000003,2.0,5.0,4.750068243365805
CHEMBL4748615,CC(C)(C)c1ccc(S(=O)(=O)N(CC(=O)O)c2ccc(OC(C(=O)O)c3ccccc3)c3ccccc23)cc1,active,547.6290000000001,5.6219000000000054,2.0,5.0,6.008773924307505
CHEMBL4747613,Cc1cc(C)c(S(=O)(=O)N(CC(=O)O)c2ccc(OC(C(=O)O)c3ccccc3)c3ccccc23)c(C)c1,active,533.6020000000002,5.249660000000005,2.0,5.0,6.236572006437063
CHEMBL4757005,O=C(O)CN(c1ccc(OC(C(=O)O)c2ccccc2)c2ccccc12)S(=O)(=O)c1cccc2ccccc12,active,541.5810000000002,5.477600000000004,2.0,5.0,6.107905397309519
CHEMBL4796980,Cc1cc(C)c(S(=O)(=O)N(CC(=O)O)c2ccc(OC(C(=O)O)c3ccc(O)cc3)c3ccccc23)c(C)c1,active,549.6010000000002,4.955260000000004,3.0,6.0,6.795880017344075
CHEMBL4740287,COc1ccc(C(Oc2ccc(N(CC(=O)O)S(=O)(=O)c3c(C)cc(C)cc3C)c3ccccc23)C(=O)O)cc1,active,563.6280000000004,5.2582600000000035,2.0,6.0,7.1249387366083
CHEMBL4764502,CCOc1ccc(C(Oc2ccc(N(CC(=O)O)S(=O)(=O)c3c(C)cc(C)cc3C)c3ccccc23)C(=O)O)cc1,active,577.6550000000003,5.648360000000005,2.0,6.0,6.823908740944319
CHEMBL4777247,Cc1cc(C)c(S(=O)(=O)N(CC(=O)O)c2ccc(OC(C(=O)O)c3ccc(OC(C)C)cc3)c3ccccc23)c(C)c1,active,591.6820000000002,6.036860000000006,2.0,6.0,6.301029995663981
CHEMBL4789789,Cc1cc(C)c(S(=O)(=O)N(CC(=O)O)c2ccc(OC(C(=O)O)c3ccc(C(C)(C)C)cc3)c3ccccc23)c(C)c1,inactive,589.7100000000003,6.547160000000007,2.0,5.0,4.721246399047171
CHEMBL4741548,CC(=O)Nc1ccc(C(Oc2ccc(N(CC(=O)O)S(=O)(=O)c3c(C)cc(C)cc3C)c3ccccc23)C(=O)O)cc1,active,590.6540000000003,5.208060000000004,3.0,6.0,6.008773924307505
CHEMBL4793340,Cc1cc(C)c(S(=O)(=O)N(CC(=O)O)c2ccc(OC(C(=O)O)c3ccc(F)cc3)c3ccccc23)c(C)c1,active,551.5920000000002,5.388760000000005,2.0,5.0,6.769551078621726
CHEMBL4795421,Cc1cc(C)c(S(=O)(=O)N(CC(=O)O)c2ccc(OC(C(=O)O)c3ccc(Cl)cc3)c3ccccc23)c(C)c1,active,568.0470000000001,5.903060000000005,2.0,5.0,6.721246399047171
CHEMBL4748547,Cc1cc(C)c(S(=O)(=O)N(CC(=O)O)c2ccc(OC(C(=O)O)c3ccc(Br)cc3)c3ccccc23)c(C)c1,active,612.4980000000002,6.012160000000005,2.0,5.0,6.366531544420414
CHEMBL4872820,CS(=O)(=O)Nc1ccc(S(=O)(=O)N(CC(=O)O)c2ccc(N(CC(=O)O)S(=O)(=O)c3ccc(NS(C)(=O)=O)cc3)c3ccccc23)cc1,active,740.8160000000003,2.1426000000000007,4.0,10.0,6.7121982700697735
CHEMBL4862491,O=C(O)CN(c1ccc(N(CC(=O)O)S(=O)(=O)c2ccc(NC(=O)C(F)(F)F)cc2)c2ccccc12)S(=O)(=O)c1ccc(NC(=O)C(F)(F)F)cc1,active,776.6460000000002,4.401200000000003,4.0,8.0,6.899629454882437
CHEMBL4846463,O=C(O)CN(c1ccc(N(CC(=O)O)S(=O)(=O)c2ccc(N3C(=O)c4ccccc4C3=O)cc2)c2ccccc12)S(=O)(=O)c1ccc(N2C(=O)c3ccccc3C2=O)cc1,active,844.8360000000001,5.000800000000004,2.0,10.0,7.086186147616283
CHEMBL4857990,COc1ccc(S(=O)(=O)N(CC(=O)O)c2ccc(N(CC(=O)O)S(=O)(=O)c3ccc(OC)cc3Br)c3ccccc23)c(Br)c1,active,772.4460000000001,4.941800000000003,2.0,8.0,6.735182176990463
CHEMBL4853900,O=C(O)CN(c1ccc(N(CC(=O)O)S(=O)(=O)c2ccc3c(c2)OCCO3)c2ccccc12)S(=O)(=O)c1ccc2c(c1)OCCO2,active,670.6740000000001,2.942000000000001,2.0,10.0,6.920818753952375
CHEMBL4860663,O=C(O)CN(c1ccc(N(CC(=O)O)S(=O)(=O)c2cc3c(cc2Cl)OCCO3)c2ccccc12)S(=O)(=O)c1cc2c(cc1Cl)OCCO2,active,739.5640000000001,4.248800000000003,2.0,10.0,6.841637507904751
CHEMBL4851973,O=C(O)CN(c1ccc(N(CC(=O)O)S(=O)(=O)c2ccc3c(c2)CCCO3)c2ccccc12)S(=O)(=O)c1ccc2c(c1)CCCO2,active,666.73,4.049600000000003,2.0,8.0,6.835647144215563
CHEMBL4863099,O=C(O)CN(c1ccc(N(CC(=O)O)S(=O)(=O)c2ccc3c(c2)OCO3)c2ccccc12)S(=O)(=O)c1ccc2c(c1)OCO2,active,642.6200000000001,2.857000000000001,2.0,10.0,6.826813731587726
CHEMBL4867904,O=C(O)CN(c1ccc(N(CC(=O)O)S(=O)(=O)c2ccc3c(c2)CCO3)c2ccccc12)S(=O)(=O)c1ccc2c(c1)CCO2,active,638.676,3.269400000000002,2.0,8.0,6.785156151952302
CHEMBL4858288,COc1ccc(S(=O)(=O)N(Cc2nnn[nH]2)c2ccc(N(Cc3nnn[nH]3)S(=O)(=O)c3ccc(OC)cc3)c3ccccc23)cc1,active,662.7140000000002,2.6742,2.0,12.0,7.014573525916998
CHEMBL4876513,O=S(=O)(c1ccc(C(F)(F)F)cc1)N(Cc1nnn[nH]1)c1ccc(N(Cc2nnn[nH]2)S(=O)(=O)c2ccc(C(F)(F)F)cc2)c2ccccc12,active,738.6560000000001,4.694600000000003,2.0,10.0,6.519993057042849
CHEMBL4865999,O=S(=O)(c1ccc2c(c1)OCCO2)N(Cc1nnn[nH]1)c1ccc(N(Cc2nnn[nH]2)S(=O)(=O)c2ccc3c(c2)OCCO3)c2ccccc12,active,718.7339999999999,2.199399999999999,2.0,14.0,7.029188389127482
CHEMBL5172581,COc1ccc(S(=O)(=O)N(CC(=O)O)c2ccc(N(CC(=O)O)S(=O)(=O)c3ccc(OC)cc3)c(OCc3ccccc3)c2)cc1,active,670.7180000000002,3.8426000000000027,2.0,9.0,6.102372908709558
CHEMBL5173969,COc1ccc(S(=O)(=O)N(CC(=O)O)c2ccc(N(CC(=O)O)S(=O)(=O)c3ccc(OC)cc3)c(Oc3ccccc3)c2)cc1,inactive,656.6910000000003,4.055900000000003,2.0,9.0,3.8632794328435933
CHEMBL5197641,COc1ccc(S(=O)(=O)N(CC(=O)O)c2ccc(N(CC(=O)O)S(=O)(=O)c3ccc(OC)cc3)c(OCCCc3ccccc3)c2)cc1,active,698.772,4.275200000000003,2.0,9.0,6.022276394711152
CHEMBL5172151,COc1ccc(COc2cc(N(CC(=O)O)S(=O)(=O)c3ccc(OC)cc3)ccc2N(CC(=O)O)S(=O)(=O)c2ccc(OC)cc2)cc1,active,700.7440000000003,3.851200000000003,2.0,10.0,6.113509274827518
CHEMBL5193318,COc1ccc(S(=O)(=O)N(CC(=O)O)c2ccc(N(CC(=O)O)S(=O)(=O)c3ccc(OC)cc3)c(OCc3ccc(F)cc3)c2)cc1,active,688.7080000000002,3.9817000000000027,2.0,9.0,6.040958607678906
CHEMBL5170573,COc1ccc(S(=O)(=O)N(CC(=O)O)c2ccc(N(CC(=O)O)S(=O)(=O)c3ccc(OC)cc3)c(OCc3ccc(C)cc3)c2)cc1,active,684.7450000000001,4.1510200000000035,2.0,9.0,6.2076083105017466
CHEMBL5169973,COc1ccc(S(=O)(=O)N(CC(=O)O)c2ccc(N(CC(=O)O)S(=O)(=O)c3ccc(OC)cc3)c(OCc3cccnc3)c2)cc1,active,671.7060000000001,3.2376000000000014,2.0,10.0,6.119186407719209
CHEMBL5179491,COc1ccc(S(=O)(=O)N(CC(=O)O)c2ccc(N(CC(=O)O)S(=O)(=O)c3ccc(OC)cc3)c(OCc3ccc4ccccc4c3)c2)cc1,active,720.7780000000001,4.995800000000004,2.0,9.0,6.318758762624412
CHEMBL5194986,COc1ccc(S(=O)(=O)N(CC(=O)O)c2ccc(N(CC(=O)O)S(=O)(=O)c3ccc(OC)cc3)c(OCc3ccc(-c4ccccc4)cc3)c2)cc1,active,746.8160000000001,5.509600000000004,2.0,9.0,6.4089353929735005
CHEMBL5170433,COc1ccc(S(=O)(=O)N(CC(=O)O)c2ccc(N(CC(=O)O)S(=O)(=O)c3ccc(OC)cc3)c(Oc3ccc4ccccc4c3)c2)cc1,active,706.7510000000002,5.209100000000004,2.0,9.0,6.050609993355087
CHEMBL5204857,COc1ccc(S(=O)(=O)N(CC(=O)O)c2ccc(N(CC(=O)O)S(=O)(=O)c3ccc(OC)cc3)c(OCc3cccc4ccccc34)c2)cc1,active,720.7780000000001,4.995800000000004,2.0,9.0,6.102372908709558
CHEMBL5181239,COc1ccc(S(=O)(=O)N(CC(=O)O)c2ccc(N(CC(=O)O)S(=O)(=O)c3ccc(OC)cc3)c(OCc3ccc(Oc4ccccc4)cc3)c2)cc1,active,762.8150000000002,5.6349000000000045,2.0,10.0,6.080921907623926
CHEMBL5193997,Cc1ccc(S(=O)(=O)N(CC(=O)O)c2ccc(N(CC(=O)O)S(=O)(=O)c3ccc(C)cc3)c(OCc3ccccc3)c2)cc1,active,638.7200000000003,4.4422400000000035,2.0,7.0,6.346787486224656
CHEMBL5175042,O=C(O)CN(c1ccc(N(CC(=O)O)S(=O)(=O)c2ccc(-c3ccccc3)cc2)c(OCc2ccccc2)c1)S(=O)(=O)c1ccc(-c2ccccc2)cc1,active,762.8620000000003,7.159400000000007,2.0,7.0,6.1249387366083
CHEMBL5189242,O=C(O)CN(c1ccc(N(CC(=O)O)S(=O)(=O)c2ccc(Br)cc2)c(OCc2ccccc2)c1)S(=O)(=O)c1ccc(Br)cc1,active,768.4580000000002,5.350400000000005,2.0,7.0,6.229147988357855
CHEMBL5208847,Cc1cccc(S(=O)(=O)N(CC(=O)O)c2ccc(N(CC(=O)O)S(=O)(=O)c3cccc(C)c3)c(OCc3ccccc3)c2)c1,active,638.7200000000003,4.4422400000000035,2.0,7.0,6.0
CHEMBL5181633,Cc1ccc(S(=O)(=O)N(CC(=O)O)c2ccc(N(CC(=O)O)S(=O)(=O)c3ccc(C)cc3)c(OCc3ccc(F)cc3)c2)cc1,active,656.7100000000003,4.5813400000000035,2.0,7.0,6.346787486224656
CHEMBL5206821,Cc1ccc(S(=O)(=O)N(CC(=O)O)c2ccc(N(CC(=O)O)S(=O)(=O)c3ccc(C)cc3)c(OCc3ccc4ccccc4c3)c2)cc1,active,688.7800000000002,5.595440000000004,2.0,7.0,6.42021640338319
CHEMBL5197111,Cc1ccc(S(=O)(=O)N(CC(=O)O)c2ccc(N(CC(=O)O)S(=O)(=O)c3ccc(C)cc3)c(OCc3ccc(-c4ccccc4)cc3)c2)cc1,active,714.8180000000002,6.109240000000005,2.0,7.0,6.356547323513812
CHEMBL5184245,Cc1ccc(S(=O)(=O)N(CC(=O)O)c2cc(OCc3ccc(F)cc3)c(N(CC(=O)O)S(=O)(=O)c3ccc(C)cc3)c3ccccc23)cc1,active,706.7700000000001,5.734540000000006,2.0,7.0,7.187086643357144
CHEMBL5195110,CN(C)C(=O)c1cccc(-c2cccc(-n3ncc(C(=O)O)c3C(F)(F)F)n2)c1,active,404.34800000000007,3.3531000000000013,1.0,5.0,6.0
CHEMBL5174352,O=C(O)c1cnn(-c2ccccn2)c1C(F)(F)F,inactive,257.171,1.9843,1.0,4.0,3.0
CHEMBL1540706,O=C(O)c1cnn(-c2ccccc2)c1C(F)(F)F,inactive,256.183,2.5893000000000006,1.0,3.0,3.5228787452803374
CHEMBL5173186,O=C(O)c1cnn(-c2cccc(-c3cccc(CNS(=O)(=O)c4ccccc4)c3)c2)c1C(F)(F)F,inactive,501.48600000000016,4.7348000000000035,2.0,5.0,4.346787486224656
CHEMBL5178836,CN(C)C(=O)c1cccc(-c2cccc(-n3ncc(C(=O)O)c3C(F)(F)F)c2)c1,active,403.36000000000007,3.9581000000000026,1.0,4.0,6.318758762624412
CHEMBL5209263,CN(C)C(=O)c1cccc(-c2cccc(-n3ncc(C(=O)O)c3C(C)(C)C)n2)c1,inactive,392.4590000000002,3.631800000000002,1.0,5.0,5.0
CHEMBL5191287,CN(C)C(=O)c1cccc(-c2cccc(-n3ncc(C(=O)O)c3C3CCCC3)c2)c1,active,403.48200000000026,4.596900000000003,1.0,4.0,6.0
CHEMBL5169432,CN(C)C(=O)c1cccc(-c2cccc(-n3ncc(C(=O)O)c3C3CC3)c2)c1,active,375.42800000000017,3.8167000000000026,1.0,4.0,6.431798275933005
CHEMBL5203783,CN(C)C(=O)c1cccc(-c2cccc(-n3ncc(C(=O)O)c3C3CC3c3cn(C)nn3)c2)c1,active,456.5060000000002,3.3389000000000015,1.0,7.0,7.3872161432802645
CHEMBL5200409,CN(C)C(=O)c1cccc(-c2cccc(-n3ncc(C(=O)O)c3C3CC3)c2)c1F,inactive,393.4180000000002,3.9558000000000026,1.0,4.0,5.0
CHEMBL5176162,O=C(O)c1cnn(-c2cccc(-c3cccc(C(=O)N4CCCCC4)c3F)c2)c1C1CC1,active,433.48300000000035,4.880100000000005,1.0,4.0,6.920818753952375
CHEMBL5208399,CCC[C@H]1CCCCN1C(=O)c1cccc(-c2cccc(-n3ncc(C(=O)O)c3C3CC3)c2)c1F,active,475.56400000000025,6.048800000000005,1.0,4.0,7.221848749616356
CHEMBL5204388,CN(C)C(=O)[C@H]1CCC[C@@H](c2cccc(-n3ncc(C(=O)O)c3C3CC3)c2)C1,active,381.4760000000002,3.8099000000000025,1.0,4.0,6.619788758288394
CHEMBL5206413,O=C(O)c1cnn(-c2cccc([C@@H]3CCC[C@H](C(=O)N4CCCCC4)C3)c2)c1C1CC1,active,421.5410000000004,4.734200000000005,1.0,4.0,6.522878745280337
CHEMBL5207900,CCCC1CCCCN1C(=O)C1CCCC(c2cccc(-n3ncc(C(=O)O)c3C3CC3)c2)C1,active,463.62200000000024,5.902900000000006,1.0,4.0,6.638272163982407
CHEMBL5175068,CCCC1CCCCN1C(=O)c1cccc(-c2cccc(-n3ncc(C(=O)O)c3C3CC3c3cccnc3)c2)c1,active,534.6600000000003,6.698400000000007,1.0,5.0,6.655607726314889
CHEMBL5202293,CN(CC1CC1)C(=O)c1cccc(-c2cccc(-n3ncc(C(=O)O)c3C3CC3)c2)c1F,active,433.48300000000023,4.736000000000003,1.0,4.0,6.0
CHEMBL5189627,CCCC1CCCCN1C(=O)c1cccc(-c2cccc(-n3ncc(C(=O)O)c3C3CC3c3ccccn3)c2)c1,active,534.6600000000003,6.698400000000007,1.0,5.0,7.376750709602099
CHEMBL5203566,CCOc1cc(N(CC(=O)O)S(=O)(=O)c2ccc(OC)cc2)ccc1N(CC(=O)O)S(=O)(=O)c1ccc(OC)cc1,active,608.6470000000003,2.662300000000001,2.0,9.0,6.088842391260023
CHEMBL5207192,CCCCOc1cc(N(CC(=O)O)S(=O)(=O)c2ccc(OC)cc2)ccc1N(CC(=O)O)S(=O)(=O)c1ccc(OC)cc1,active,636.7010000000001,3.4425000000000017,2.0,9.0,6.169411331314856
CHEMBL5195422,COc1ccc(S(=O)(=O)N(CC(=O)O)c2ccc(N(CC(=O)O)S(=O)(=O)c3ccc(OC)cc3)c(OCc3cccc(OC)c3)c2)cc1,active,700.7440000000001,3.851200000000002,2.0,10.0,6.094204119632131
CHEMBL5179855,COc1ccc(S(=O)(=O)N(Cc2nnn[nH]2)c2ccc(N(Cc3nnn[nH]3)S(=O)(=O)c3ccc(OC)cc3)c(OCc3ccccc3)c2)cc1,inactive,718.7780000000001,3.1000000000000005,2.0,13.0,4.431798275933005
CHEMBL3899754,Cc1cc(C)c(C)c(S(=O)(=O)Nc2ccc(N3CC[C@H](C(=O)O)C3)c3ccccc23)c1C,active,452.5760000000003,4.785180000000004,2.0,4.0,6.853871964321762
CHEMBL4640621,COc1ccc(S(=O)(=O)N(Cc2ccccc2CN([C@@H](C)C(=O)O)S(=O)(=O)c2ccc(OC)cc2)[C@@H](C)C(=O)O)cc1,active,620.7020000000003,3.0318000000000005,2.0,8.0,6.823908740944319
CHEMBL5219681,COc1ccc(S(=O)(=O)Nc2ccc(N(CC(=O)N3CCSC3=O)S(=O)(=O)c3ccc(OC)cc3)c3ccccc23)cc1,active,641.7490000000003,4.548500000000004,1.0,9.0,7.013228265733755
CHEMBL4739983,COc1ccc(S(=O)(=O)NC(=O)CN(c2cccc3c2CCN3C(C(=O)NS(=O)(=O)c2ccc(C)cc2OC)c2cccc(OC)c2)S(=O)(=O)c2ccc(OC)cc2)cc1,active,879.0040000000002,4.338720000000003,2.0,13.0,7.657577319177793
CHEMBL5275894,CC1(C)OB(c2ccc(COn3c(C(=O)NCc4ccc(-c5ccccc5)cc4)cccc3=O)cc2)OC1(C)C,active,536.4370000000001,4.373300000000004,1.0,6.0,7.014573525916998
CHEMBL5273569,COC1=C(NCC(=O)O)CC(O)(CO)C/C1=N\C(CO)C(=O)O,inactive,332.3090000000001,-2.077699999999998,6.0,8.0,4.0
CHEMBL5275624,COC1=C(NCC(=O)O)CC(O)(CO)C/C1=N\C(C(=O)O)C(C)O,inactive,346.33600000000007,-1.6891999999999983,6.0,8.0,4.0
CHEMBL3617787,CC(=O)N[C@@H](CC(=O)O)C(=O)N[C@@H](CCC(=O)O)C(=O)N[C@@H](CCC(=O)O)C(=O)N[C@H](C(=O)NCC(=O)N[C@@H](CCC(=O)O)C(=O)N[C@@H](Cc1ccccc1)C(=O)O)[C@@H](C)O,active,867.8190000000002,-4.191500000000008,13.0,13.0,6.410050398674292
CHEMBL3928693,CC(=O)N[C@@H](CC(=O)O)C(=O)N1CCC[C@H]1C(=O)N[C@@H](CCC(=O)O)C(=O)N[C@H](C(=O)NCC(=O)N[C@@H](CCC(=O)O)C(=O)N[C@@H](CC(C)C)C(=O)O)[C@@H](C)O,active,801.8040000000001,-3.7467000000000055,11.0,12.0,6.939302159646388
CHEMBL4169002,CC(C)C[C@@H]1NC(=O)[C@H](Cc2ccccc2)NC(=O)[C@H](CCC(=O)O)NC(=O)CNC(=O)[C@H]([C@@H](C)O)NC(=O)[C@H](CCC(=O)O)NC(=O)[C@@H]2CCCN2C(=O)[C@H](CC(=O)O)NC(=O)[C@H](CC(C)C)NC(=O)[C@H](CCC(N)=O)NC(=O)CNC1=O,active,1187.2720000000002,-4.71270000000002,15.0,16.0,7.508638306165727
CHEMBL5285536,CC(C)C[C@@H]1NC(=O)[C@H](Cc2ccccc2)NC(=O)[C@H](CCC(=O)O)NC(=O)CNC(=O)[C@H]([C@@H](C)O)NC(=O)[C@H](CCC(=O)O)NC(=O)[C@@H]2CCCN2C(=O)[C@H](CC(=O)O)NC(=O)[C@H](CC(C)C)NC(=O)[C@H](CCC(=O)NCCOCCOCC(=O)NCCCC[C@H](NC(=O)CC[C@@H]2NC(=O)[C@H](CCCNC(=N)N)NC(=O)[C@H](CCCNC(=N)N)NC(=O)[C@H](CCCNC(=N)N)NC(=O)[C@H](CCCNC(=N)N)NC(=O)[C@H](Cc3ccc4ccccc4c3)NC(=O)[C@H](Cc3ccccc3)NC2=O)C(N)=O)NC(=O)CNC1=O,active,2540.874999999998,-8.912919999999911,37.0,32.0,6.815308569182402
CHEMBL5273301,CCOc1ccc(S(=O)(=O)Nc2cc3c(C(=O)NO)cn(S(=O)(=O)c4ccc(OCC)cc4)c3c3ccccc23)cc1,active,609.6820000000002,4.748700000000003,3.0,9.0,6.698970004336019
CHEMBL5277720,CCCCC1CCCN1C(=O)c1cccc(-c2cccc(-n3ncc(C(=O)O)c3C3CC3)c2)c1,active,457.57400000000024,5.909700000000005,1.0,4.0,7.200659450546418
CHEMBL1969108,Cc1ccc(S(=O)(=O)Oc2nc3nc4ccccc4nc3nc2OS(=O)(=O)c2ccc(C)cc2)cc1,active,522.5640000000003,3.725240000000003,0.0,10.0,6.58838029403677
CHEMBL5273621,COc1ccc(S(=O)(=O)Nc2ccc(N3CCCCCC3)cc2C(=O)O)cc1,inactive,404.4880000000002,3.574600000000002,2.0,5.0,4.431798275933005
CHEMBL5266194,Cc1ccc(C(CC(=O)O)NC(=O)Cc2ccc3c(c2)CCCC3)cc1,inactive,351.4460000000002,3.7485200000000027,2.0,2.0,4.3979400086720375
CHEMBL5280279,Cc1ccc([C@@H](CC(=O)O)NC(=O)Cc2ccc3c(c2)CCCC3)cc1,inactive,351.4460000000002,3.7485200000000027,2.0,2.0,4.0
CHEMBL5286485,Cc1ccc([C@H](CC(=O)O)NC(=O)Cc2ccc3c(c2)CCCC3)cc1,inactive,351.4460000000002,3.7485200000000027,2.0,2.0,4.4089353929735005
CHEMBL5271230,Cc1ccc(C(NC(=O)Cc2ccc3c(c2)CCCC3)C(C)(C)C(=O)O)cc1,inactive,379.5000000000001,4.3846200000000035,2.0,2.0,4.769551078621726
CHEMBL5274849,Cc1ccc(C(NC(=O)Cc2ccc3c(c2)CCCC3)C2(C(=O)O)CC2)cc1,inactive,377.48400000000015,4.138620000000003,2.0,2.0,4.267606240177032
CHEMBL5283445,Cc1ccc([C@@H](NC(=O)Cc2ccc3c(c2)CCCC3)[C@H](C)C(=O)O)cc1,inactive,365.47300000000007,3.994520000000003,2.0,2.0,4.292429823902063
CHEMBL5265976,CC[C@H](C(=O)O)[C@H](NC(=O)Cc1ccc2c(c1)CCCC2)c1ccc(C)cc1,inactive,379.50000000000017,4.3846200000000035,2.0,2.0,4.00436480540245
CHEMBL5285861,CC[C@@H](C(=O)O)[C@H](NC(=O)Cc1ccc2c(c1)CCCC2)c1ccc(C)cc1,inactive,379.50000000000017,4.3846200000000035,2.0,2.0,4.259637310505756
CHEMBL5289579,Cc1ccc([C@@H](NC(=O)Cc2ccccc2)[C@@H](C)C(=O)O)cc1,inactive,311.38100000000003,3.1157200000000014,2.0,2.0,4.173925197299173
CHEMBL5274045,Cc1ccc([C@@H](NC(=O)C(=O)c2ccccc2)[C@@H](C)C(=O)O)cc1,inactive,325.3640000000001,2.7559200000000006,2.0,3.0,4.0
CHEMBL5281246,Cc1ccc([C@@H](NC(=O)[C@@H](O)c2ccccc2)[C@@H](C)C(=O)O)cc1,inactive,327.3800000000001,2.6066200000000004,3.0,3.0,4.017728766960431
CHEMBL5273258,Cc1ccc([C@@H](NC(=O)[C@H](O)c2ccccc2)[C@@H](C)C(=O)O)cc1,inactive,327.3800000000001,2.6066200000000004,3.0,3.0,4.0
CHEMBL5270092,CO[C@H](C(=O)N[C@H](c1ccc(C)cc1)[C@@H](C)C(=O)O)c1ccccc1,inactive,341.40700000000004,3.260720000000002,2.0,3.0,4.0
CHEMBL5277909,CO[C@@H](C(=O)N[C@H](c1ccc(C)cc1)[C@@H](C)C(=O)O)c1ccccc1,inactive,341.40700000000004,3.260720000000002,2.0,3.0,4.080921907623926
CHEMBL5286321,Cc1ccc([C@@H](NC(=O)[C@H](F)c2ccccc2)[C@@H](C)C(=O)O)cc1,inactive,329.3710000000001,3.583820000000002,2.0,2.0,4.045757490560675
CHEMBL5284493,Cc1ccc([C@@H](NC(=O)[C@@H](F)c2ccc3c(c2)CCCC3)[C@@H](C)C(=O)O)cc1,active,383.4630000000002,4.462620000000003,2.0,2.0,7.050609993355087
CHEMBL5431154,COc1ccc(S(=O)(=O)N(CC(=O)O)c2cc(-c3ccccc3)c(N(CC(=O)O)S(=O)(=O)c3ccc(OC)cc3)c3ccccc23)cc1,active,690.7520000000002,5.0838000000000045,2.0,8.0,7.017728766960431
CHEMBL5402805,COc1ccc(-c2cc(N(CC(=O)O)S(=O)(=O)c3ccc(OC)cc3)c3ccccc3c2N(CC(=O)O)S(=O)(=O)c2ccc(OC)cc2)cc1,active,720.7780000000002,5.092400000000005,2.0,9.0,7.070581074285707
CHEMBL5421804,COc1ccc(S(=O)(=O)N(CC(=O)O)c2cc(-c3ccc(C#N)cc3)c(N(CC(=O)O)S(=O)(=O)c3ccc(OC)cc3)c3ccccc23)cc1,active,715.7620000000002,4.955480000000004,2.0,9.0,6.931814138253839
CHEMBL5407848,COc1ccc(S(=O)(=O)N(CC(=O)O)c2cc(-c3ccc(N4C(=O)c5ccccc5C4=O)cc3)c(N(CC(=O)O)S(=O)(=O)c3ccc(OC)cc3)c3ccccc23)cc1,active,835.8690000000003,5.884400000000006,2.0,10.0,7.045757490560675
CHEMBL5429390,COc1ccc(S(=O)(=O)N(CC(=O)O)c2cc(Sc3ccccc3)c(N(CC(=O)O)S(=O)(=O)c3ccc(OC)cc3)c3ccccc23)cc1,active,722.8190000000001,5.568000000000005,2.0,9.0,7.070581074285707
CHEMBL5414850,COc1ccc(S(=O)(=O)N(CC(=O)O)c2cc(CCCN3C(=O)c4ccccc4C3=O)c(N(CC(=O)O)S(=O)(=O)c3ccc(OC)cc3)c3ccccc23)cc1,active,801.8520000000004,4.645600000000003,2.0,10.0,7.113509274827518
CHEMBL5413111,COc1ccc(S(=O)(=O)N(CC(N)=O)c2cc(CCC(=O)O)c(N(CC(N)=O)S(=O)(=O)c3ccc(OC)cc3)c3ccccc23)cc1,active,684.7490000000003,2.235400000000002,3.0,9.0,6.790484985457369
CHEMBL5424133,COc1ccc(S(=O)(=O)N(CC(=O)O)c2cc(CCC(=O)NC(C)C)c(N(CC(=O)O)S(=O)(=O)c3ccc(OC)cc3)c3ccccc23)cc1,active,727.8140000000002,3.8740000000000023,3.0,9.0,6.991399828238082
CHEMBL5394501,COc1ccc(S(=O)(=O)N(CC(=O)O)c2cc(CCC(=O)N3CCOCC3)c(N(CC(=O)O)S(=O)(=O)c3ccc(OC)cc3)c3ccccc23)cc1,active,755.8240000000004,3.2082000000000024,2.0,10.0,7.060480747381382
CHEMBL5434743,COc1ccc(S(=O)(=O)N(CC(=O)O)c2cc(CCC(N)=O)c(N(CC(=O)O)S(=O)(=O)c3ccc(OC)cc3)c3ccccc23)cc1,active,685.7330000000003,2.8347000000000016,3.0,9.0,6.966576244513051
CHEMBL5428263,COc1ccc(S(=O)(=O)N(CC(=O)O)c2cc(CCCN(C)Cc3ccccc3)c(N(CC(=O)O)S(=O)(=O)c3ccc(OC)cc3)c3ccccc23)cc1,active,775.9020000000003,5.481400000000004,2.0,9.0,7.113509274827518
CHEMBL4167793,Cc1cccc2c1CCN(C(=O)[C@@H]1CCCC[C@@H]1C(=O)O)[C@@H]2CN1C(=O)c2ccccc2C1=O,active,460.5300000000002,3.6080200000000024,1.0,4.0,6.1249387366083
CHEMBL5405289,COc1ccc(S(=O)(=O)Nc2ccc(NS(=O)(=O)c3cccnc3)cc2)cc1,inactive,419.48400000000015,2.6918000000000006,2.0,6.0,4.501000636419847
CHEMBL5429563,COc1ccc(S(=O)(=O)N(CC(=O)O)c2c(C)c(C)c(N(CC(=O)O)S(=O)(=O)c3cccnc3)c(C)c2C)cc1,active,591.6640000000001,2.883680000000001,2.0,8.0,6.7447274948966935
CHEMBL5438828,COc1ccc(S(=O)(=O)N(CC(=O)O)c2ccc(N(CC(=O)O)S(=O)(=O)c3cccnc3)cc2)cc1,active,535.5560000000003,1.6499999999999988,2.0,8.0,6.050609993355087
